{"network":{"id":8,"name":"Lightning-React-Quickstart","status":3,"path":"/Users/alex/.polar/networks/8","nodes":{"bitcoin":[{"id":0,"networkId":8,"name":"backend1","type":"bitcoin","implementation":"bitcoind","version":"0.21.1","peers":[],"status":3,"ports":{"rpc":18444,"p2p":19445,"zmqBlock":28335,"zmqTx":29336},"docker":{"image":"","command":""}}],"lightning":[{"id":0,"networkId":8,"name":"alice","type":"lightning","implementation":"LND","version":"0.12.1-beta","status":3,"backendName":"backend1","paths":{"tlsCert":"/Users/alex/.polar/networks/8/volumes/lnd/alice/tls.cert","adminMacaroon":"/Users/alex/.polar/networks/8/volumes/lnd/alice/data/chain/bitcoin/regtest/admin.macaroon","invoiceMacaroon":"/Users/alex/.polar/networks/8/volumes/lnd/alice/data/chain/bitcoin/regtest/invoice.macaroon","readonlyMacaroon":"/Users/alex/.polar/networks/8/volumes/lnd/alice/data/chain/bitcoin/regtest/readonly.macaroon"},"ports":{"rest":8084,"grpc":10004,"p2p":9738},"docker":{"image":"","command":""}},{"id":1,"networkId":8,"name":"bob","type":"lightning","implementation":"LND","version":"0.12.1-beta","status":3,"backendName":"backend1","paths":{"tlsCert":"/Users/alex/.polar/networks/8/volumes/lnd/bob/tls.cert","adminMacaroon":"/Users/alex/.polar/networks/8/volumes/lnd/bob/data/chain/bitcoin/regtest/admin.macaroon","invoiceMacaroon":"/Users/alex/.polar/networks/8/volumes/lnd/bob/data/chain/bitcoin/regtest/invoice.macaroon","readonlyMacaroon":"/Users/alex/.polar/networks/8/volumes/lnd/bob/data/chain/bitcoin/regtest/readonly.macaroon"},"ports":{"rest":8085,"grpc":10005,"p2p":9739},"docker":{"image":"","command":""}},{"id":2,"networkId":8,"name":"carol","type":"lightning","implementation":"LND","version":"0.12.1-beta","status":3,"backendName":"backend1","paths":{"tlsCert":"/Users/alex/.polar/networks/8/volumes/lnd/carol/tls.cert","adminMacaroon":"/Users/alex/.polar/networks/8/volumes/lnd/carol/data/chain/bitcoin/regtest/admin.macaroon","invoiceMacaroon":"/Users/alex/.polar/networks/8/volumes/lnd/carol/data/chain/bitcoin/regtest/invoice.macaroon","readonlyMacaroon":"/Users/alex/.polar/networks/8/volumes/lnd/carol/data/chain/bitcoin/regtest/readonly.macaroon"},"ports":{"rest":8086,"grpc":10006,"p2p":9740},"docker":{"image":"","command":""}}]}},"chart":{"offset":{"x":0,"y":0},"nodes":{"backend1":{"id":"backend1","type":"bitcoin","position":{"x":440,"y":460},"ports":{"backend":{"id":"backend","type":"top","position":{"x":100,"y":0}},"peer-left":{"id":"peer-left","type":"left","position":{"x":0,"y":21}},"peer-right":{"id":"peer-right","type":"right","position":{"x":200,"y":21}}},"size":{"width":200,"height":42},"properties":{"status":3,"icon":"./static/media/bitcoin.c9f33461.svg"}},"alice":{"id":"alice","type":"lightning","position":{"x":100,"y":240},"ports":{"empty-left":{"id":"empty-left","type":"left","position":{"x":0,"y":42}},"empty-right":{"id":"empty-right","type":"right","position":{"x":200,"y":18}},"backend":{"id":"backend","type":"bottom","position":{"x":100,"y":83}},"4794a450b6aa":{"id":"4794a450b6aa","type":"right","properties":{"nodeId":"alice","initiator":true},"position":{"x":200,"y":42}},"dcf78601f675":{"id":"dcf78601f675","type":"right","properties":{"nodeId":"alice"},"position":{"x":200,"y":66}}},"size":{"width":200,"height":83},"properties":{"status":3,"icon":"./static/media/lnd.095d2fef.png"}},"bob":{"id":"bob","type":"lightning","position":{"x":440,"y":220},"ports":{"empty-left":{"id":"empty-left","type":"left","position":{"x":0,"y":18}},"empty-right":{"id":"empty-right","type":"right","position":{"x":200,"y":18}},"backend":{"id":"backend","type":"bottom","position":{"x":100,"y":83}},"4794a450b6aa":{"id":"4794a450b6aa","type":"left","properties":{"nodeId":"bob"},"position":{"x":0,"y":42}},"29880a9d239b":{"id":"29880a9d239b","type":"right","properties":{"nodeId":"bob","initiator":true},"position":{"x":200,"y":42}},"93de83e00912":{"id":"93de83e00912","type":"right","properties":{"nodeId":"bob"},"position":{"x":200,"y":66}},"dcf78601f675":{"id":"dcf78601f675","type":"left","properties":{"nodeId":"bob","initiator":true},"position":{"x":0,"y":66}}},"size":{"width":200,"height":83},"properties":{"status":3,"icon":"./static/media/lnd.095d2fef.png"}},"carol":{"id":"carol","type":"lightning","position":{"x":780,"y":220},"ports":{"empty-left":{"id":"empty-left","type":"left","position":{"x":0,"y":18}},"empty-right":{"id":"empty-right","type":"right","position":{"x":200,"y":42}},"backend":{"id":"backend","type":"bottom","position":{"x":100,"y":83}},"29880a9d239b":{"id":"29880a9d239b","type":"left","properties":{"nodeId":"carol"},"position":{"x":0,"y":42}},"93de83e00912":{"id":"93de83e00912","type":"left","properties":{"nodeId":"carol","initiator":true},"position":{"x":0,"y":66}}},"size":{"width":200,"height":83},"properties":{"status":3,"icon":"./static/media/lnd.095d2fef.png"}}},"links":{"alice-backend1":{"id":"alice-backend1","from":{"nodeId":"alice","portId":"backend"},"to":{"nodeId":"backend1","portId":"backend"},"properties":{"type":"backend"}},"bob-backend1":{"id":"bob-backend1","from":{"nodeId":"bob","portId":"backend"},"to":{"nodeId":"backend1","portId":"backend"},"properties":{"type":"backend"}},"carol-backend1":{"id":"carol-backend1","from":{"nodeId":"carol","portId":"backend"},"to":{"nodeId":"backend1","portId":"backend"},"properties":{"type":"backend"}},"4794a450b6aa":{"id":"4794a450b6aa","from":{"nodeId":"alice","portId":"4794a450b6aa"},"to":{"nodeId":"bob","portId":"4794a450b6aa"},"properties":{"type":"open-channel","channelPoint":"c33984263a6cba97a57c5655d884977d026fd2fc38bc6b60737b4794a450b6aa:1","capacity":"100000","fromBalance":"90950","toBalance":"0","direction":"ltr","status":"Open","isPrivate":false}},"29880a9d239b":{"id":"29880a9d239b","from":{"nodeId":"bob","portId":"29880a9d239b"},"to":{"nodeId":"carol","portId":"29880a9d239b"},"properties":{"type":"open-channel","channelPoint":"e2bce2c2d176eda861672cce16fffd69605c14ed8cf1edc17f4d29880a9d239b:1","capacity":"100000","fromBalance":"90950","toBalance":"0","direction":"ltr","status":"Open","isPrivate":false}},"93de83e00912":{"id":"93de83e00912","from":{"nodeId":"carol","portId":"93de83e00912"},"to":{"nodeId":"bob","portId":"93de83e00912"},"properties":{"type":"open-channel","channelPoint":"3dfadb96769313907a85aa6f8d809895ac486fb5ded87132a2e093de83e00912:1","capacity":"100000","fromBalance":"90950","toBalance":"0","direction":"rtl","status":"Open","isPrivate":false}},"dcf78601f675":{"id":"dcf78601f675","from":{"nodeId":"bob","portId":"dcf78601f675"},"to":{"nodeId":"alice","portId":"dcf78601f675"},"properties":{"type":"open-channel","channelPoint":"63b9badbd39b27cf25d778782a842094eedeeb47e9691c69c047dcf78601f675:1","capacity":"100000","fromBalance":"90950","toBalance":"0","direction":"rtl","status":"Open","isPrivate":false}}},"selected":{},"hovered":{},"scale":1}}